ID,NAME
4d6ee3e3-9ec6-4c2e-9552-a75af6d19f14,Aaron Gardner
9d37a85b-84b4-486d-b852-fd896a50fbf6,Jessica James
848485f0-198f-4efa-8335-707db71a7434,Kristin Mcintyre
612533b6-7eaf-45a2-b9d4-06192ce5620e,Ryan Byrd
f5e8b3ff-659d-4bc9-bdc6-6b7fe343bcab,Amanda Johnson
0d2974c5-d4de-4163-bf27-73d86a77b048,Jessica Lewis
43217606-3354-4bb8-b967-c358331d8375,Douglas Hill
0872893c-bf01-4853-b91f-a1cc0263fedf,Stephanie Quinn
4b8b181e-668e-45d4-a8e3-7180a41cf064,Martin Barnes
23c5eb35-05e9-4347-8854-ee86ec27393e,Nicholas Benson
5bbca380-854e-47a4-ae5c-fd631650a115,Joseph Mcintyre
961b1333-d41e-443a-9880-0b1c8c59e141,Kyle Martin
ce73a9b8-27f8-4c9f-941c-4b99a646fb32,Kenneth Hudson DDS
7d0a9ece-1d73-43ea-98e7-8bbe21e890ec,Anthony Murillo
24ea0325-a7d6-4388-b86c-7b51e5805b26,Timothy Waller
a57c96be-0b7a-41c6-bd9a-9330e20c497a,Jessica Richard
66983396-cb40-4613-8d6d-306b8f9ca5c4,Alexander Burke
d82c6a2f-7e02-40de-81c3-c42ef14d8460,Jerry Thompson II
d9464bcd-0a19-4058-8fc1-bea843e6c339,Brittany Brown
b0da7a9b-77d7-407d-8506-51705503fa05,Sean Koch
9368e74c-0581-4d77-9358-94e415a80423,Martha Pineda DDS
d47a83f3-a765-4a20-b40c-e0993cf00e4f,Jasmine Murray
bbe9e834-7071-42d6-8970-aa7301b72ec2,Michael Cobb
72874237-a564-45ff-95cf-5fb3ab18e7c8,Katie Ruiz
fdd86eaf-7a5b-4598-9a08-6f4f207743bb,Dana Smith
18b69140-479d-44b6-8369-04a49414f975,Pamela Lane
a311b0c8-1b63-4405-8097-09a984512389,Ray Mitchell
531465bc-638f-4adb-9b47-cf0c1dc55550,Daniel Small
c6fb82d9-b6e6-445a-a3d3-0158405a9d16,Angela James
05fae288-07c2-4e99-a945-fa3fbfa123ed,Rodney Berry
84ee8f13-e5a2-4988-8f65-daa65801c5d1,Dylan Lopez
94e0e084-e14c-4061-80da-7e6030bf14d5,Ryan Austin
1c4a9464-3e0e-45d2-9ca2-87c36b03f80b,Benjamin Bell
352810e9-e0fe-4062-a808-83f47ad5f4d4,Dylan Anderson
2a2c365a-ac9d-4106-a494-678e09ae412c,Tyler Henderson
c9276a13-5b0f-4ce9-8802-3e0ead192508,Melody Wright
cbda2de6-06db-4a9f-91af-cc36e8ba0bad,Wyatt Bates
117c9a65-4a4c-494f-8a54-64305d57c551,John Anthony
e6ef189a-76de-4ef5-ace2-676d69273e22,Wesley Jenkins
fe2e9f59-c77b-4756-ad2e-fe864a560344,April Curtis
47e4f30d-f965-45df-8474-93d5aeaf7cb2,Christian Fernandez
5d59a09d-7696-4e1b-a171-abe3b79fff2d,Tracy Gibbs
d6de888a-0aee-4f77-a7d4-daba8f0da415,Christopher Kim
2a0095cd-099e-45f3-a8ed-241dbe5cde18,William James
0688ed48-bbd7-41d6-b5ef-c2cd771f72c2,Todd Burton
ddd9ed38-6351-4568-b08c-8f6c92cb84a8,Misty Lee
3483e39a-260f-4974-9366-50c2d833307f,Melissa Lopez
861181e6-5d97-48a8-bbe4-226caa976140,Aaron Williams
0206c59d-8464-4845-9680-9463df25efd9,Jose Fox
878f6e41-bcd7-4f18-aa89-90133272eafa,Patrick Thomas
b4413ac0-2fc9-4c91-b188-71c109d9be8f,Amy Wolf
1bf35f99-4627-4c80-a5f8-0797538eaf54,Ashley Santiago
84f816bd-12e2-4633-a419-fc80705977e6,Alicia Huerta
f044be50-29c1-40c4-a16c-a1dd1f95d6f3,Keith Phillips
827eed18-8ab1-4e5d-ab00-5d8ac9bb168b,Larry Ward
69731d27-9caa-46cf-8933-d01e29b20043,Jacqueline Pineda
2660b7ac-6c46-4392-8ddc-26194c532341,Michael Mendoza
cc1816db-c3dd-4c16-8ea7-18fe313472b9,Brittany Johnson
3d0d96e7-a6da-4e11-a509-76b813d466f5,Alexis Cervantes
bacd6bed-844e-4650-8181-7f73dd1352e2,Kristin Frank
c90ea8ef-05ef-4528-bb65-06a8180093d8,James Stuart
f3feb7f9-9069-4fd7-be91-3800d1307935,Brittany Barrera
92bac428-565b-4fba-a911-e9f3dc3c5ad8,Rodney Gonzalez
76acc7d2-0fca-4530-89dd-39889b4f3bb3,Bruce Cole
5a589b0f-69ac-4256-aea8-df379845f417,Johnny Ryan
6d91807a-84e4-47c1-8e47-925d52e0dd48,Mark Barnett
5ed25035-4723-4154-823d-a8c8b4c02e51,Jacob Reeves
6faa20a4-1e8f-43a8-9a45-33ae5f675190,Tyrone Ryan
d31efffd-fdc4-4168-ac26-83b67a6c5c47,Derek Smith
1076f00e-5dd1-41d1-b2a5-0c59e18a5310,Shelly Benitez
5b2179c5-dd1c-45b4-b99c-10f1c7c201f4,Garrett Black
2dbed2c3-1c68-4b90-a343-39b51de57b45,Rachel Watson
28447ab4-5e16-465e-acd1-7fcacd2d97e2,Andrew Perez
189edb91-3f25-4f32-bfb4-64bd4052cb1c,Tina Collins
2030e11b-f809-402e-8a1e-00aa3cb751da,Aaron Wilson
a970776b-59ce-47ec-9e77-946229a8be45,Cheryl Campos
96f4e93c-c759-4fc7-b4a3-c8a153858bea,Lori Butler
b27a07f1-ddf4-4134-9f7d-1b1ac869b110,Patrick Knight
dc634429-12c2-417d-b460-f3ed4903d539,John Lowe
132425e2-d22d-43aa-a372-e3d9bfd77f8c,John Marshall
3b47f466-5256-41a1-951c-efee13597676,Carly Harris
a792d50a-1570-450f-901a-c26bc3b4a9dd,Debra Wolf
83967256-31c2-4fcb-a61d-2378ac6f1ad6,Jeffrey Love
16e8d4f8-2451-446f-a254-3bc68e40621b,Stacey Miller
5d5ea9b6-fefd-4e25-850a-9c2d365e7e27,Tracy Garcia
7e52ce3f-191d-4d27-a0a8-76706fd6173c,Beverly Peters
967d3e2d-8b15-4f43-a6b5-d1dd3934707d,Jeffrey Bailey
3f1fc492-e8ed-4840-97a0-a56592fdc1d9,Yvonne Watson
9aaa8391-995f-4006-8413-c590098fc46a,Joshua Mann
3c7a4cde-d92b-4d90-a731-9c0461ae8c90,Nicole Jackson
41db9c8c-af73-46c6-b7aa-64cee86dbe41,Brad Hogan
f8486fce-bc07-4a4f-a6e9-ed6a06ba996c,Nancy Austin
cee4269a-3771-43d9-adc4-762ba3bc1782,Alicia Clark
5261268c-aa94-438a-921a-05efc0d414ac,Allison Oliver
0b4a904c-b6d7-4355-b1ff-3744b3831112,Nancy Hernandez MD
fd788ea1-7f9f-477b-b5fa-9a64962eb7f0,Brad Williamson
58491188-36e5-4fb3-ab3b-514e78a270a6,Brenda Miller
5fccc95a-c30f-4525-a4a6-43861baae99a,Karina Thompson
2609004e-90a8-450e-98f3-5ebc16841cd5,Joy Lam
0bb6fcf3-0741-4179-af46-d26c45b77171,Angela Hebert
1435b563-f156-4cd8-9f3d-6224260e26a4,Melissa Davis
4dc2aa9c-8633-4861-b795-5b285cf76a1f,Susan Castillo
9eac28b8-2264-4e48-9c2c-b3f7384bc20a,Karen Sanchez
bbfdba43-2871-4e95-84d9-e2ff45960e7d,Christina Rollins
a7cebb21-0f26-4834-8a09-e3269b21a77b,Emma Mitchell
2aee3fe5-2eb0-4391-bb79-d4d4ffdd9931,John Drake
438005c2-dd1d-48aa-8bfd-7fb06851b5f8,Kristi Keller
90b6264d-1278-47c8-a418-6498aac365ba,Nichole Brown
847d46dd-9721-4351-8bef-5c2292b57d6f,Kelly Singh
40cff0ad-5c91-46bc-b72b-737347aafb25,Carrie Russell MD
34a9dd73-95d0-45d9-a3fb-636e4e080a6c,Jonathan Anderson
341ed9b2-1760-4720-a1b1-42681d273c63,Christy Rios
50a2d1c4-d788-4498-a6f7-dd75d4db588f,Stephanie Love
710200a9-2c6c-4f21-b3f1-3ed6aa684fa2,Janet Robles
c5dde410-2c70-486e-bb0d-974b2798825b,Jessica Valdez
102e02b0-7f44-4058-881f-7896edc964b2,William Diaz
3d2423f0-cecf-4060-b105-96b04f2ea442,Henry Zamora
4b761c33-8a8a-4dbe-a0d0-fa3261b391ee,Renee Gibson
3f3af4f6-a87b-4f03-8669-2e1a8e3c6d8b,Carlos Leon
3870073a-f764-4a2b-bc64-18e4569bf784,Elizabeth Shea
9bac4be0-d703-4f1d-a088-1bdb362d3246,Scott Thompson
2bdeb3b7-a894-4fcf-8218-e41167bc557e,Brian Johnson
9ff834d1-4ca0-4dd5-bb53-ea96ad8611bb,Michael Williams
013b644d-5645-44bd-8ca3-d7d254b2ba18,Keith Cook
2480125c-2d37-405c-96b9-ca32b2c75b33,Russell Mitchell
9db0e79f-fdea-4290-ba7b-114141f33d1f,Katherine Odom
e4bced79-6e2c-4b22-a6d5-199ed87ca7ee,Michael Carter
0000bd8e-496c-42aa-9430-fea7f9bd6a96,Connie Harrison
